{
  "id": 6438462785,
  "title": "Ratio Eight",
  "handle": "ratio-eight",
  "description": "<h4>Technically speaking.</h4>\n<p><span><strong>Model: </strong>Eight</span><br> <span><strong>Edition: </strong>Walnut</span><br> <span><strong>Warranty:</strong> 10 years</span><br> <span><strong>Capacity:</strong> Brews up to 40oz (eight 5oz cups)</span><br> <span><strong>Dimensions:</strong> 13.5\" deep x 9\" wide x 14\" tall</span></p>\n<p>Each machine is hand assembled and tested in Portland, Oregon. Tht Eight has a powerful 1600 watt heating element in 110 (US &amp; Canada) or 220 volt. Eight's carafe holds Chemex paper filters or Able Kone stainless steel filter.</p>",
  "published_at": "2016-05-31T22:11:00-04:00",
  "created_at": "2016-05-31T22:26:04-04:00",
  "vendor": "tk-narrative",
  "type": "",
  "tags": [],
  "price": 52000,
  "price_min": 52000,
  "price_max": 60000,
  "available": true,
  "price_varies": true,
  "compare_at_price": 60000,
  "compare_at_price_min": 60000,
  "compare_at_price_max": 60000,
  "compare_at_price_varies": false,
  "variants": [
    {
      "id": 20230103745,
      "title": "Silver / 220 Volts / Small",
      "option1": "Silver",
      "option2": "220 Volts",
      "option3": "Small",
      "sku": "silver220",
      "requires_shipping": true,
      "taxable": true,
      "featured_image": null,
      "available": true,
      "name": "Ratio Eight - Silver / 220 Volts / Small",
      "public_title": "Silver / 220 Volts / Small",
      "options": ["Silver", "220 Volts", "Small"],
      "price": 52000,
      "weight": 0,
      "compare_at_price": 60000,
      "inventory_quantity": 1,
      "inventory_management": null,
      "inventory_policy": "deny",
      "barcode": ""
    },
    {
      "id": 20230103873,
      "title": "Nickel / 110 Volts / Large",
      "option1": "Nickel",
      "option2": "110 Volts",
      "option3": "Large",
      "sku": "nickel110",
      "requires_shipping": true,
      "taxable": true,
      "featured_image": {
        "id": 20684752449,
        "product_id": 6438462785,
        "position": 2,
        "created_at": "2017-02-22T07:59:09-05:00",
        "updated_at": "2017-11-24T11:07:59-05:00",
        "alt": null,
        "width": 1280,
        "height": 1280,
        "src": "https://cdn.shopify.com/s/files/1/1255/2693/products/HERO-M_ChampagneNickel.jpg?v=1511539679",
        "variant_ids": [20230103873, 31053240129]
      },
      "available": true,
      "name": "Ratio Eight - Nickel / 110 Volts / Large",
      "public_title": "Nickel / 110 Volts / Large",
      "options": ["Nickel", "110 Volts", "Large"],
      "price": 60000,
      "weight": 0,
      "compare_at_price": 60000,
      "inventory_quantity": 1,
      "inventory_management": null,
      "inventory_policy": "deny",
      "barcode": ""
    },
    {
      "id": 20230104065,
      "title": "Cobalt / 110 Volts / Large",
      "option1": "Cobalt",
      "option2": "110 Volts",
      "option3": "Large",
      "sku": "cobalt110",
      "requires_shipping": true,
      "taxable": true,
      "featured_image": {
        "id": 20684752705,
        "product_id": 6438462785,
        "position": 3,
        "created_at": "2017-02-22T07:59:10-05:00",
        "updated_at": "2017-11-24T11:07:59-05:00",
        "alt": null,
        "width": 1280,
        "height": 1280,
        "src": "https://cdn.shopify.com/s/files/1/1255/2693/products/HERO-M_DarkCobalt.jpg?v=1511539679",
        "variant_ids": [20230104065, 20230104129]
      },
      "available": true,
      "name": "Ratio Eight - Cobalt / 110 Volts / Large",
      "public_title": "Cobalt / 110 Volts / Large",
      "options": ["Cobalt", "110 Volts", "Large"],
      "price": 55000,
      "weight": 0,
      "compare_at_price": 60000,
      "inventory_quantity": 1,
      "inventory_management": null,
      "inventory_policy": "deny",
      "barcode": ""
    },
    {
      "id": 20230104129,
      "title": "Cobalt / 220 Volts / Large",
      "option1": "Cobalt",
      "option2": "220 Volts",
      "option3": "Large",
      "sku": "cobalt220",
      "requires_shipping": true,
      "taxable": true,
      "featured_image": {
        "id": 20684752705,
        "product_id": 6438462785,
        "position": 3,
        "created_at": "2017-02-22T07:59:10-05:00",
        "updated_at": "2017-11-24T11:07:59-05:00",
        "alt": null,
        "width": 1280,
        "height": 1280,
        "src": "https://cdn.shopify.com/s/files/1/1255/2693/products/HERO-M_DarkCobalt.jpg?v=1511539679",
        "variant_ids": [20230104065, 20230104129]
      },
      "available": true,
      "name": "Ratio Eight - Cobalt / 220 Volts / Large",
      "public_title": "Cobalt / 220 Volts / Large",
      "options": ["Cobalt", "220 Volts", "Large"],
      "price": 56000,
      "weight": 0,
      "compare_at_price": 60000,
      "inventory_quantity": 1,
      "inventory_management": null,
      "inventory_policy": "deny",
      "barcode": ""
    },
    {
      "id": 20230104193,
      "title": "White / 110 Volts / Large",
      "option1": "White",
      "option2": "110 Volts",
      "option3": "Large",
      "sku": "white110",
      "requires_shipping": true,
      "taxable": true,
      "featured_image": {
        "id": 20684753025,
        "product_id": 6438462785,
        "position": 4,
        "created_at": "2017-02-22T07:59:12-05:00",
        "updated_at": "2017-11-24T11:07:59-05:00",
        "alt": null,
        "width": 1280,
        "height": 1280,
        "src": "https://cdn.shopify.com/s/files/1/1255/2693/products/HERO-M_White.png?v=1511539679",
        "variant_ids": [20230104193, 20230104321]
      },
      "available": true,
      "name": "Ratio Eight - White / 110 Volts / Large",
      "public_title": "White / 110 Volts / Large",
      "options": ["White", "110 Volts", "Large"],
      "price": 57000,
      "weight": 0,
      "compare_at_price": 60000,
      "inventory_quantity": 1,
      "inventory_management": null,
      "inventory_policy": "deny",
      "barcode": ""
    },
    {
      "id": 20230104321,
      "title": "White / 220 Volts / Large",
      "option1": "White",
      "option2": "220 Volts",
      "option3": "Large",
      "sku": "white220",
      "requires_shipping": true,
      "taxable": true,
      "featured_image": {
        "id": 20684753025,
        "product_id": 6438462785,
        "position": 4,
        "created_at": "2017-02-22T07:59:12-05:00",
        "updated_at": "2017-11-24T11:07:59-05:00",
        "alt": null,
        "width": 1280,
        "height": 1280,
        "src": "https://cdn.shopify.com/s/files/1/1255/2693/products/HERO-M_White.png?v=1511539679",
        "variant_ids": [20230104193, 20230104321]
      },
      "available": true,
      "name": "Ratio Eight - White / 220 Volts / Large",
      "public_title": "White / 220 Volts / Large",
      "options": ["White", "220 Volts", "Large"],
      "price": 58000,
      "weight": 0,
      "compare_at_price": 60000,
      "inventory_quantity": 1,
      "inventory_management": null,
      "inventory_policy": "deny",
      "barcode": ""
    },
    {
      "id": 31053222465,
      "title": "Silver / 110 Volts / Large",
      "option1": "Silver",
      "option2": "110 Volts",
      "option3": "Large",
      "sku": "silver110",
      "requires_shipping": true,
      "taxable": true,
      "featured_image": null,
      "available": true,
      "name": "Ratio Eight - Silver / 110 Volts / Large",
      "public_title": "Silver / 110 Volts / Large",
      "options": ["Silver", "110 Volts", "Large"],
      "price": 52000,
      "weight": 0,
      "compare_at_price": 60000,
      "inventory_quantity": 1,
      "inventory_management": null,
      "inventory_policy": "deny",
      "barcode": ""
    },
    {
      "id": 31053240129,
      "title": "Nickel / 220 Volts / Large",
      "option1": "Nickel",
      "option2": "220 Volts",
      "option3": "Large",
      "sku": "nickel220",
      "requires_shipping": true,
      "taxable": true,
      "featured_image": {
        "id": 20684752449,
        "product_id": 6438462785,
        "position": 2,
        "created_at": "2017-02-22T07:59:09-05:00",
        "updated_at": "2017-11-24T11:07:59-05:00",
        "alt": null,
        "width": 1280,
        "height": 1280,
        "src": "https://cdn.shopify.com/s/files/1/1255/2693/products/HERO-M_ChampagneNickel.jpg?v=1511539679",
        "variant_ids": [20230103873, 31053240129]
      },
      "available": true,
      "name": "Ratio Eight - Nickel / 220 Volts / Large",
      "public_title": "Nickel / 220 Volts / Large",
      "options": ["Nickel", "220 Volts", "Large"],
      "price": 53000,
      "weight": 0,
      "compare_at_price": 60000,
      "inventory_quantity": 1,
      "inventory_management": null,
      "inventory_policy": "deny",
      "barcode": ""
    }
  ],
  "images": [
    "//cdn.shopify.com/s/files/1/1255/2693/products/Slideshow_1.png?v=1511539679",
    "//cdn.shopify.com/s/files/1/1255/2693/products/HERO-M_ChampagneNickel.jpg?v=1511539679",
    "//cdn.shopify.com/s/files/1/1255/2693/products/HERO-M_DarkCobalt.jpg?v=1511539679",
    "//cdn.shopify.com/s/files/1/1255/2693/products/HERO-M_White.png?v=1511539679"
  ],
  "featured_image": "//cdn.shopify.com/s/files/1/1255/2693/products/Slideshow_1.png?v=1511539679",
  "options": [
    {
      "name": "Color",
      "position": 1,
      "values": ["Silver", "Nickel", "Cobalt", "White"]
    },
    {
      "name": "Voltage",
      "position": 2,
      "values": ["220 Volts", "110 Volts"]
    },
    {
      "name": "Size",
      "position": 3,
      "values": ["Small", "Large"]
    }
  ],
  "url": "/products/ratio-eight"
}
